YouTubel,status,name,track,day,organization,photo,linkedin,linkedin2,twitter,twitter2,title,abstract,description,bio
https://youtu.be/3E5-iLSqkxU,confirmed,Lior Mechlovich,1,1,Salespeak,Lior Mechlovich.png,https://www.linkedin.com/in/lior-mechlovich/,,,,From Tool Calls to Revenue: Metering and Billing AI workfloads at Scale,"Building an MCP server is getting easier. Monetizing one is not.

At first, usage-based billing looks simple: count tool calls, aggregate them monthly, and send an invoice. But once AI workloads move into production agent workflows, the definition of “usage” becomes much harder. Was that one tool call or ten? Should you bill for tokens, API calls, records retrieved, compute time, successful outcomes, or prepaid credits consumed? What happens when an agent retries, chains tools, streams results, or calls the same resource through multiple clients?

In this session, we’ll dive into the infrastructure behind trustworthy metering and pricing for MCP-native products. We’ll cover how to design a billing pipeline that can:

- Count usage once and only once, even with retries, failures, and agent loops
- Handle high-volume event streams from MCP tool calls
- Give customers real-time visibility into current-period usage
- Support pay-as-you-go, prepaid credits, drawdown models, and hybrid pricing
- Preserve developer trust by making usage explainable and auditable",,"Lior Mechlovich is the CTO and co-founder of salespeak.ai. Before Salespeak, he was the co-founder of amberflo.io and led engineering teams at AWS and Informatica."
,confirmed,Miles Maggio,1,1,Prest0,Miles Maggio.png,https://www.linkedin.com/in/milesprest0,,,,"Prest0 AI on the Rise of Self-developing AI Startup"": What's real, what's theater, what's next and the new rules of business in the AI era",,,"Miles Maggio is a recognized top Voice, keynote speaker, and founder specializing in real-world AI agent engineering. He is the Founder of Prest0, the creator of 24/7 AI employees designed to perform end-to-end digital work for enterprise law firms, finance, and marketing teams—a platform backed by a $350K seed round at a $20M post-money valuation.

With 14 years in software engineering and 3+ years dedicated exclusively to building B2B AI agents, Miles brings rare, hands-on production experience to the stage. He previously led an engineering team of seven delivering agentic systems that directly led to a successful company exit, and he has consulted for Fortune 50 brands on agentic architecture. Miles is a frequent speaker and advisor across platforms like the Global Skill Development Council, Founder’s Bay, and numerous industry workshops and podcasts."