YouTube,status,name,track,day,organization,photo,linkedin,linkedin2,twitter,twitter2,title,abstract,description,bio
,confirmed,Erik Schwartz,1,1,TheAiExpert.ai,Erik Schwartz.png,https://www.linkedin.com/in/eschwaa/,,,,From Context To Impact: How To Ship An AI App In A Day,"This year I argued that context engineering is the real power tool behind great prompts. Next year I want to show what happens when you take that seriously and push it all the way to shipping real software in a single day.

In this session we will move from theory to practice. I will unpack the context patterns that actually hold up once you leave the playground and build for real users. Multi layer memory, data boundaries, llms.txt style controls, retrieval patterns that survive messy SharePoint and inboxes, and the review loops you need so legal, compliance and IT can sleep at night.

Then I will connect it to something very practical. My “Ship Your First App In A Day” workshops, where non technical leaders go from “what is a terminal” to a deployed, context aware AI app by 5pm. I will break down the scaffolding that makes that possible. How we design prompts around specific jobs to be done, how we shape context so models stay on track, and how we hand these experiments over to professional engineering teams without losing the magic.

You will leave with a concrete blueprint to take your own prompt engineering practice from clever instructions on a screen to working AI apps that your business can actually use.",,"Erik Schwartz is a technology leader, entrepreneur, and founder of theAiExpert.ai, with over 25 years at the intersection of search, knowledge discovery, and artificial intelligence. He has held senior roles at Comcast, Elsevier, and Microsoft, where he pioneered large-scale platforms and introduced generative AI into mission-critical products used by millions.
At Elsevier, Erik spearheaded ScopusAI, a breakthrough generative AI solution that transformed how researchers discover and evaluate knowledge — a project that exemplifies his talent for turning cutting-edge innovation into measurable business value.
Today, through theAiExpert.ai, Erik acts as a Fractional Chief AI Officer (CAIO), helping organisations move from AI-curious to AI-powered. He designs agentic workflows, compliance accelerators, and adaptive AI systems that cut costs, reclaim time, and unlock growth.
A regular speaker, writer, and host of the London AI Dinner, Erik is recognised for his ability to demystify AI for executives, inspire bold thinking, and deliver strategies that bridge experimentation with impact."
,confirmed,Ricardo Sueiras,1,1,AWS,Ricardo Sueiras.png,https://www.linkedin.com/in/ricardosueiras/,,,,From Vibe to Viable - an introduction to spec driven development ,"Spec driven development (SDD) emphasises defining clear specifications before writing any code, helping address some of the limitations we have seen with AI coding tools. After this talk, you will understand the key elements of SDD and how it might be the missing piece in your workflow.",,"I am a developer advocate for open source, currently working at AWS. I am passionate about, and help customers be successful in using open source."
,confirmed,Chukwunonso Ikemba,1,1,Skipton Building Society,Chukwunonso Ikemba.png,https://www.linkedin.com/in/chukwunonso-ikemba/,,,,Telepathy Is Just Pattern Recognition: Why Brain Signals Are Just Another Language AI Can Learn,"Your brain produces consistent neural patterns for every action, 'raise hand' fires the same core pathways regardless of why. If AI can decode languages, it can decode brain signals as language. I'll show why 'raise hand' may just be the foundation for the next level in human technological advance.",,"I’m an AI researcher working across healthcare, human–computer interaction, and next-gen neural interfaces. My work includes collaborating with NHS personnel on how AI can improve health literacy in the UK, focusing on real-world impact rather than hype.

I’m also developing a long-term exploratory project on AI-mediated communication between biological signals and digital systems, investigating how neural activity patterns might one day translate into meaningful computer instructions.

My speaking experience is growing, but my sessions are known for being clear, practical, and grounded. No buzzwords, just solid insight into what AI can actually do today and what it might unlock tomorrow."